"ID","Name","Status","Company","Login Count","Is Admin","Email Verified At"
"1","Mallory Schultz","Deleted","Flatley and Sons","1581","No",""
"2","Dr. Tate Collier","Active","Schumm LLC","1797","No","2024-02-16"
"3","Ila Bailey","Blocked","Osinski, Koepp and Stark","433","No",""
"4","Ms. Elise Abernathy PhD","Inactive","Hirthe-Hyatt","904","No",""
"5","Rowan Schuppe","Blocked","Skiles, Roob and Rodriguez","101","No","2024-08-07"
"6","Rylee Gislason","Active","Schumm LLC","2100","Yes",""
"7","Consuelo Fritsch","Deleted","Gusikowski Ltd","2127","Yes",""
"8","Ola Spinka","Inactive","Crist-Welch","732","No","2016-02-05"
"9","Norene Heller DVM","Deleted","Bernhard, Kemmer and Cummerata","80","No","2016-12-25"
"10","Ms. Maybell Langworth","Active","Abernathy-Oberbrunner","1591","No",""
"11","Prof. Adan Ondricka","Pending","Bogan Ltd","2009","No","2015-06-09"
"12","Marielle Kiehn","Blocked","Hand LLC","2339","No","2016-02-22"
"13","Twila Paucek","Deleted","Bashirian, Swaniawski and Hand","1228","No","2020-01-24"
"14","Kaitlyn Harber","Blocked","Wolff, Runolfsson and Roob","2458","No","2022-02-28"
"15","Cruz Moen","Active","Bernhard, Kemmer and Cummerata","1381","No",""
"16","Mrs. Polly McCullough MD","Inactive","Lehner Inc","1038","No","2015-10-16"
"17","Thomas Goldner","Pending","Schumm LLC","477","No",""
"18","Sylvester Altenwerth","Pending","Skiles, Roob and Rodriguez","1784","No",""
"19","Mrs. Billie Ortiz V","Inactive","Langworth, Bruen and Kuvalis","90","No","2021-07-10"
"20","Newell Brakus","Blocked","Fisher, Fay and Cartwright","1879","No",""
"21","Marianna Wolf","Blocked","Osinski, Koepp and Stark","1073","No","2022-07-14"
"22","Palma Dach","Pending","Crist-Welch","36","No","2017-12-02"
"23","Adelia Konopelski Sr.","Pending","Osinski, Koepp and Stark","2259","No","2016-01-08"
"24","Jalen Stracke","Deleted","Bashirian, Swaniawski and Hand","1696","No","2023-08-14"
"25","Mr. Oscar Swaniawski","Blocked","Crist-Welch","890","No",""
"26","Mr. Emerson Altenwerth I","Deleted","Hermann, White and Watsica","1364","No","2021-08-23"
"27","Dr. Ova Walker","Inactive","Abernathy-Oberbrunner","389","No","2016-02-06"
"28","Luigi Fahey","Pending","Schumm LLC","1630","No","2022-06-14"
"29","Ottilie Carter","Pending","Blick and Sons","431","No","2017-06-05"
"30","Miss Burnice O'Conner","Deleted","Schumm LLC","2351","Yes","2023-04-23"
"31","Rollin Ortiz","Deleted","Beahan-Kautzer","1385","No","2021-01-12"
"32","Aditya Gorczany","Deleted","Skiles, Roob and Rodriguez","2073","No",""
"33","Theresa Quitzon I","Deleted","Hand LLC","695","No","2018-10-17"
"34","Clemmie Borer","Blocked","Hirthe-Hyatt","2291","No","2018-06-30"
"35","Casandra Stiedemann","Inactive","Gusikowski Ltd","2282","No",""
"36","Dr. Lola Wuckert","Blocked","Hermann, White and Watsica","601","No","2015-08-15"
"37","Margarete Bergstrom","Deleted","Bernhard, Kemmer and Cummerata","364","No","2023-08-03"
"38","Claud Mante PhD","Inactive","Morar and Sons","2354","No","2019-09-23"
"39","Hassie Feeney","Blocked","Schumm LLC","360","No","2024-08-28"
"40","Samir Stracke","Blocked","Flatley and Sons","1905","No","2023-09-19"
"41","Lew Huel","Blocked","Green-Koelpin","2136","No","2016-01-29"
"42","Jerad Considine IV","Pending","Gusikowski Ltd","95","No","2022-09-06"
"43","Lina Hintz","Pending","Bashirian, Swaniawski and Hand","711","No","2016-02-22"
"44","Bradford Kuhic","Inactive","Daugherty Inc","847","No","2015-09-23"
"45","Joanie Bechtelar","Deleted","Hettinger, Weimann and White","832","No","2023-03-19"
"46","Prof. Jessyca Brakus Sr.","Deleted","Tillman-Lesch","555","No","2021-11-06"
"47","Dr. Rhiannon Stiedemann","Inactive","Langworth, Bruen and Kuvalis","2068","No","2016-07-30"
"48","Sunny Windler","Blocked","Hermann, White and Watsica","2325","No","2018-05-16"
"49","Chandler Rolfson","Pending","Blick and Sons","2429","No",""
"50","Lonny Stamm","Blocked","Abernathy-Oberbrunner","1103","No","2024-07-07"
"51","Madaline Koch","Inactive","Langworth, Bruen and Kuvalis","700","No","2018-09-06"
"52","Dr. Lorenza Torphy","Inactive","Hettinger, Weimann and White","1612","Yes","2018-04-11"
"53","Guillermo Hahn","Active","Tillman-Lesch","1567","No","2019-05-30"
"54","Nora Davis","Inactive","Morar and Sons","971","No","2023-05-30"
"55","Ms. Mazie Greenholt DDS","Blocked","D'Amore, Wunsch and Homenick","342","No","2015-11-20"
"56","Guadalupe Flatley DDS","Pending","Langworth, Bruen and Kuvalis","1184","No","2024-05-15"
"57","Mabelle Jenkins","Pending","Flatley and Sons","795","No","2018-12-14"
"58","Sage Thiel","Blocked","D'Amore, Wunsch and Homenick","1930","No","2020-06-26"
"59","Malika Cummerata","Active","Langworth, Bruen and Kuvalis","2288","No","2015-08-01"
"60","Gerardo Will","Active","Blick and Sons","1144","No",""
"61","Kristopher Casper","Inactive","Blick and Sons","2347","No","2019-07-19"
"62","Dr. Filiberto Kovacek Sr.","Deleted","Hand LLC","1715","Yes",""
"63","Julian Tromp","Active","Langworth, Bruen and Kuvalis","2360","No",""
"64","Amir Brekke","Active","Blick and Sons","1514","No",""
"65","Mr. Mike Schaden","Active","Tillman-Lesch","1333","No","2019-05-25"
"66","Mrs. Bethel Botsford DDS","Pending","Fisher, Fay and Cartwright","2050","No","2021-02-06"
"67","Julian Cassin","Inactive","Crist-Welch","1125","No","2017-03-06"
"68","Mr. Zakary Bradtke","Deleted","Skiles, Roob and Rodriguez","428","No",""
"69","Dr. Elmo Stokes","Active","Green-Koelpin","1281","No","2016-10-08"
"70","Felipa Huels","Blocked","Wolff, Runolfsson and Roob","1235","No",""
"71","Anjali Satterfield","Blocked","Blick and Sons","2320","No",""
"72","Laverna Champlin II","Active","Gusikowski Ltd","268","No","2018-01-25"
"73","Prof. Mattie Parisian","Active","Flatley and Sons","629","No",""
"74","Adell Jenkins","Deleted","Schumm LLC","805","No","2015-01-28"
"75","Prof. Sandrine Feeney","Blocked","Skiles, Roob and Rodriguez","2289","No","2020-02-05"
"76","Leonard Renner","Blocked","Fisher, Fay and Cartwright","444","No","2016-04-16"
"77","Mr. Dell Gulgowski III","Inactive","Skiles, Roob and Rodriguez","353","No","2021-06-27"
"78","Mr. Jon Ward","Active","Green-Koelpin","74","No","2018-06-02"
"79","Tatum Wehner","Blocked","Daugherty Inc","2417","No","2021-07-28"
"80","Mr. Sage Bechtelar","Deleted","Bernhard, Kemmer and Cummerata","264","Yes","2015-12-07"
"81","Tyra Collins II","Pending","Oberbrunner, Rosenbaum and Dickinson","2074","No","2018-04-09"
"82","Yvette Dibbert MD","Active","Beahan-Kautzer","1361","No","2017-04-24"
"83","Toni Ledner","Deleted","Bashirian, Swaniawski and Hand","1975","No","2016-03-05"
"84","Dr. Dax Johnson","Active","Bogan Ltd","2200","No",""
"85","Blair Kunze","Pending","Hirthe-Hyatt","48","No","2015-04-27"
"86","Yesenia Vandervort","Pending","Gusikowski Ltd","2495","No","2017-06-02"
"87","Mrs. Hanna Christiansen V","Deleted","Daugherty Inc","395","No","2014-12-06"
"88","Prof. Lorna Blick","Blocked","Bogan Ltd","2027","No","2017-12-11"
"89","Miss Creola Willms III","Blocked","Tillman-Lesch","803","No",""
"90","Harry Grant","Pending","Abernathy-Oberbrunner","1293","No","2020-11-22"
"91","Dr. Boyd Armstrong","Active","Flatley and Sons","1080","Yes","2016-08-19"
"92","Mr. Kiley Greenholt","Deleted","Bernhard, Kemmer and Cummerata","1524","Yes",""
"93","Dejah Dooley","Active","Schumm LLC","1371","No","2023-05-24"
"94","Alisa Mraz","Deleted","Fisher, Fay and Cartwright","876","No","2021-01-22"
"95","Herminio Boyle","Active","Osinski, Koepp and Stark","1456","No","2022-01-24"
"96","Hillard Hessel","Active","Blick and Sons","1075","No","2015-02-20"
"97","Matt Beatty","Active","Oberbrunner, Rosenbaum and Dickinson","556","No","2022-03-31"
"98","Ambrose Johnston","Active","Bashirian, Swaniawski and Hand","447","No",""
"99","Chyna Ward IV","Active","Lehner Inc","220","Yes","2023-04-18"
"100","Kirstin Roob","Blocked","Langworth, Bruen and Kuvalis","545","No","2021-05-12"
"101","Treva Effertz","Pending","Blick and Sons","2435","No","2019-06-27"
"102","Mr. Drake Toy","Blocked","Green-Koelpin","537","No","2024-05-04"
"103","Prof. Elna Pfeffer PhD","Deleted","Abernathy-Oberbrunner","1357","No","2017-03-18"
"104","Mitchel Macejkovic","Blocked","Oberbrunner, Rosenbaum and Dickinson","1199","No",""
"105","Breanne Hill","Blocked","Hermann, White and Watsica","1030","No","2016-03-17"
"106","Elaina Carroll","Blocked","D'Amore, Wunsch and Homenick","1954","No","2016-07-13"
"107","Creola Russel","Inactive","Daniel-Blanda","816","No","2017-12-16"
"108","Prof. Llewellyn Ritchie II","Pending","Flatley and Sons","1503","No",""
"109","Dr. Morris Murazik III","Active","Hirthe-Hyatt","2","No","2016-01-05"
"110","Cynthia Feest V","Inactive","Crist-Welch","598","No","2023-02-08"
"111","Christiana Franecki","Inactive","Langworth, Bruen and Kuvalis","672","No","2020-12-30"
"112","Prof. Adrien Becker I","Inactive","Crist-Welch","2379","Yes","2020-11-14"
"113","Ms. Arlie Wuckert III","Pending","Osinski, Koepp and Stark","512","No","2016-01-30"
"114","Celia Beer","Deleted","Gusikowski Ltd","685","No",""
"115","Joy Mitchell MD","Active","Tillman-Lesch","1024","No","2024-05-26"
"116","Dr. Soledad Christiansen","Blocked","Bogan Ltd","1698","No","2022-04-19"
"117","Prudence Cassin","Inactive","Lehner Inc","834","No","2018-12-24"
"118","Mrs. Laurie Bartoletti","Pending","Bogan Ltd","1033","No",""
"119","Mr. Jerod Gulgowski","Deleted","Hettinger, Weimann and White","1395","No",""
"120","Rollin Zboncak V","Active","Green-Koelpin","1669","No","2017-06-27"
"121","Precious Beier DDS","Pending","Flatley and Sons","794","No","2024-03-11"
"122","Zoe Lueilwitz","Pending","Crist-Welch","1202","No",""
"123","Tyrel Howe","Pending","Predovic PLC","470","No","2016-06-16"
"124","Dr. Laverne Dooley","Active","Predovic PLC","1740","No","2020-10-10"
"125","Dr. Tyler Jaskolski","Blocked","Daugherty Inc","1584","No",""
"126","Dr. Jaqueline Volkman Sr.","Deleted","Hand LLC","1749","No","2015-05-23"
"127","Prof. Eli Satterfield","Pending","Daugherty Inc","1127","No","2016-10-20"
"128","Alverta Luettgen DVM","Active","Bernhard, Kemmer and Cummerata","1496","No","2023-07-09"
"129","Juvenal Prosacco","Active","Crist-Welch","2289","No","2016-06-10"
"130","Kevon Davis V","Inactive","Flatley and Sons","1126","Yes","2016-04-21"
"131","Mr. Blake Rolfson","Pending","Morar and Sons","1982","Yes","2018-03-08"
"132","Esteban Abernathy","Inactive","Oberbrunner, Rosenbaum and Dickinson","1117","No","2022-11-21"
"133","Dovie Goodwin","Blocked","Bogan Ltd","1892","No","2019-07-02"
"134","Christian Pagac","Inactive","Flatley and Sons","2403","No","2016-04-25"
"135","Leslie Gibson","Deleted","Fisher, Fay and Cartwright","1599","No",""
"136","Adalberto Schmeler","Active","Fisher, Fay and Cartwright","391","No","2016-08-04"
"137","Brisa Ritchie","Inactive","Oberbrunner, Rosenbaum and Dickinson","845","No","2021-05-20"
"138","Myrtie O'Hara","Active","Daniel-Blanda","1265","No","2022-09-07"
"139","Raphael Maggio","Active","Tillman-Lesch","2","No",""
"140","Savion Fay","Blocked","Oberbrunner, Rosenbaum and Dickinson","2311","No","2020-09-23"
"141","Khalid Stroman II","Deleted","Beahan-Kautzer","136","No","2014-12-27"
"142","Dusty Romaguera II","Active","Hettinger, Weimann and White","626","No","2022-06-04"
"143","Lewis Jakubowski","Active","Hand LLC","1267","No","2019-02-09"
"144","Dr. Una Jenkins IV","Deleted","Morar and Sons","807","No","2023-09-17"
"145","Ms. Marina Volkman Jr.","Inactive","Botsford-Green","908","No","2015-10-20"
"146","Mr. Toni Block","Blocked","Lehner Inc","581","No","2016-06-04"
"147","Mr. Grant Botsford","Active","Morar and Sons","1529","No",""
"148","Mr. Milan Bosco III","Active","Bernhard, Kemmer and Cummerata","1157","No","2017-02-12"
"149","Juwan Orn","Deleted","Gusikowski Ltd","221","No","2023-03-08"
"150","Nyasia Vandervort","Active","Lehner Inc","393","No","2020-05-04"
"151","Ethan Schinner","Inactive","Flatley and Sons","110","No","2016-12-17"
"152","Gunner Rohan","Blocked","Flatley and Sons","1863","No","2020-01-25"
"153","Lenny Bogisich","Blocked","Blick and Sons","1982","No","2022-05-04"
"154","Dr. Sim Casper III","Deleted","Gusikowski Ltd","1367","No",""
"155","Dr. Jameson Flatley III","Inactive","Hettinger, Weimann and White","1107","No","2020-08-27"
"156","Oran Smitham","Active","Bernhard, Kemmer and Cummerata","964","No","2023-01-25"
"157","Mrs. Jeanne Nitzsche","Deleted","Predovic PLC","720","No","2017-02-09"
"158","Vladimir DuBuque","Inactive","Skiles, Roob and Rodriguez","2139","No","2020-01-26"
"159","Jules Kuhn III","Inactive","Daugherty Inc","2193","No","2022-04-28"
"160","Rae Dach","Deleted","Bernhard, Kemmer and Cummerata","1615","No","2024-02-28"
"161","Rosario Denesik","Pending","Gusikowski Ltd","1280","No",""
"162","Prof. Rory O'Keefe Sr.","Deleted","Morar and Sons","1176","No","2021-12-30"
"163","Lavonne Schaefer","Pending","Tillman-Lesch","1685","No","2019-03-10"
"164","Davon Nicolas","Inactive","Osinski, Koepp and Stark","2273","No","2019-01-13"
"165","Wilhelm Boehm","Pending","Bashirian, Swaniawski and Hand","1218","No","2016-01-07"
"166","Niko Ward","Active","Bogan Ltd","619","No","2020-07-29"
"167","Nettie Bednar","Active","Hand LLC","1016","Yes","2023-12-31"
"168","Katlyn Harvey","Inactive","Green-Koelpin","2327","No","2017-10-29"
"169","Dr. Creola Runolfsdottir","Inactive","Blick and Sons","1628","No",""
"170","Dr. Anibal Schmidt","Pending","Lehner Inc","1564","No","2023-04-04"
"171","Wellington Schneider","Blocked","Green-Koelpin","371","No","2015-10-12"
"172","Mrs. Monique Mueller","Active","Green-Koelpin","1809","No","2018-11-22"
"173","Kyler Crist PhD","Active","Crist-Welch","198","No","2021-06-10"
"174","Alivia Stroman","Active","Hirthe-Hyatt","1196","No","2016-01-31"
"175","Dr. Fredy Rolfson","Inactive","Morar and Sons","1321","No","2017-06-28"
"176","Wava Aufderhar","Pending","Bogan Ltd","922","Yes","2016-09-24"
"177","Adele Gutkowski","Active","Gusikowski Ltd","523","No","2016-10-11"
"178","Obie Will","Pending","Beahan-Kautzer","1004","No","2015-09-03"
"179","Hosea Hegmann","Pending","Bogan Ltd","435","No",""
"180","Jon Cartwright","Pending","Gusikowski Ltd","961","No",""
"181","Elinor Waters","Active","Hettinger, Weimann and White","1355","Yes","2018-03-29"
"182","Marques Raynor","Inactive","Skiles, Roob and Rodriguez","1088","No","2021-11-07"
"183","Jarvis Smith","Active","Bashirian, Swaniawski and Hand","2199","No","2015-09-14"
"184","Faustino Langosh","Deleted","Lehner Inc","1433","No","2018-08-06"
"185","Zachary Toy","Blocked","Langworth, Bruen and Kuvalis","414","Yes",""
"186","Anastasia Schneider","Deleted","Bogan Ltd","1355","No",""
"187","Demario Schimmel","Inactive","Morar and Sons","337","No","2022-09-08"
"188","Ryleigh Senger","Blocked","Osinski, Koepp and Stark","1289","Yes","2021-07-21"
"189","Tracy Grimes","Pending","Bernhard, Kemmer and Cummerata","2061","No","2019-06-25"
"190","Dr. Lionel Osinski","Inactive","Langworth, Bruen and Kuvalis","1526","No","2017-03-21"
"191","Lelah Altenwerth","Pending","Hirthe-Hyatt","1208","No","2015-01-26"
"192","Ethyl Rosenbaum","Deleted","Blick and Sons","2348","No","2017-07-07"
"193","Kane Hudson V","Deleted","Bashirian, Swaniawski and Hand","1438","No","2015-03-25"
"194","Elise Rogahn","Inactive","Schumm LLC","1660","Yes","2024-11-18"
"195","Prof. Haley Spencer","Blocked","Daniel-Blanda","880","No","2018-06-24"
"196","Stan Glover","Pending","Fisher, Fay and Cartwright","618","No","2022-06-13"
"197","Korey Rohan","Deleted","Oberbrunner, Rosenbaum and Dickinson","232","No","2023-12-04"
"198","Ms. Dariana Schuster","Blocked","Tillman-Lesch","2445","No","2018-04-06"
"199","Osbaldo Lind","Deleted","Bashirian, Swaniawski and Hand","444","No","2017-12-01"
"200","Prof. Amir Blick","Pending","Fisher, Fay and Cartwright","2361","No","2019-06-14"
"201","Mallie Friesen","Active","Hirthe-Hyatt","1197","No","2019-06-26"
"202","Kamryn Prohaska","Inactive","Oberbrunner, Rosenbaum and Dickinson","132","No",""
"203","Anastacio Mayer PhD","Blocked","Gusikowski Ltd","114","No",""
"204","Mariana Hagenes II","Active","Oberbrunner, Rosenbaum and Dickinson","2120","No",""
"205","Sage Wilderman","Active","Abernathy-Oberbrunner","2375","No","2023-11-15"
"206","Summer Johnston","Blocked","Daniel-Blanda","1257","No","2021-11-16"
"207","Rahul Rippin","Inactive","Osinski, Koepp and Stark","644","No","2015-03-10"
"208","Zackary Greenholt Jr.","Inactive","Fisher, Fay and Cartwright","1948","No","2017-07-14"
"209","Hailie Johns","Active","Fisher, Fay and Cartwright","2321","No","2015-11-10"
"210","Drake Ferry","Blocked","Abernathy-Oberbrunner","1089","No","2021-07-03"
"211","Gillian Yundt","Pending","Blick and Sons","937","Yes","2019-01-09"
"212","Wanda Lind","Inactive","Oberbrunner, Rosenbaum and Dickinson","2302","No",""
"213","Ms. Maye Stehr","Deleted","Daniel-Blanda","1416","No",""
"214","Dr. Lea Gerhold IV","Inactive","Bashirian, Swaniawski and Hand","505","Yes",""
"215","Violet Huel","Pending","Blick and Sons","1751","No","2020-08-12"
"216","Miss Katelynn Bernhard","Inactive","Hermann, White and Watsica","2112","No","2015-12-15"
"217","Brock Welch","Pending","Flatley and Sons","93","No","2022-07-15"
"218","Demond Cole DVM","Inactive","Flatley and Sons","954","No","2016-02-07"
"219","Austin Funk DDS","Inactive","Gusikowski Ltd","2217","Yes","2024-02-10"
"220","Michaela Rogahn IV","Pending","Green-Koelpin","673","No","2023-11-02"
"221","Graham Sporer","Deleted","D'Amore, Wunsch and Homenick","1238","No","2020-03-30"
"222","Marianne Bradtke","Inactive","Crist-Welch","1079","No",""
"223","Fatima Emard","Pending","Bogan Ltd","1049","No","2020-01-18"
"224","Izaiah Kertzmann DVM","Deleted","Bernhard, Kemmer and Cummerata","1228","No","2015-07-22"
"225","Torrey Swaniawski","Blocked","Wolff, Runolfsson and Roob","669","No","2018-04-12"
"226","Fay Murphy II","Deleted","Abernathy-Oberbrunner","413","No","2016-11-25"
"227","Leanne Weimann","Inactive","Hermann, White and Watsica","136","No","2016-04-15"
"228","Dr. Eliza Klocko II","Pending","Tillman-Lesch","1383","No","2016-06-09"
"229","Alyce Bechtelar","Deleted","Bashirian, Swaniawski and Hand","913","No","2020-08-31"
"230","Glenna Towne","Blocked","Osinski, Koepp and Stark","242","No",""
"231","Alexandra Casper","Active","Bogan Ltd","1397","No","2016-05-18"
"232","Clovis Casper","Pending","Hermann, White and Watsica","347","No",""
"233","Prof. Terence O'Connell","Blocked","Daniel-Blanda","1356","No",""
"234","Dr. Leonardo Dietrich DVM","Active","Crist-Welch","2336","No","2021-06-22"
"235","Mozell Terry","Active","Abernathy-Oberbrunner","127","No","2019-07-29"
"236","Miss Andreanne Runolfsdottir","Deleted","Gusikowski Ltd","486","No","2024-06-20"
"237","Jeffrey Bradtke","Inactive","Predovic PLC","957","No","2016-12-15"
"238","Alyson Dickens","Pending","Green-Koelpin","2127","No","2022-11-24"
"239","Dr. Wiley Reinger III","Inactive","Blick and Sons","102","No","2020-08-21"
"240","Blaze Ankunding","Active","Wolff, Runolfsson and Roob","1834","No",""
"241","Kristy Lakin","Deleted","Hettinger, Weimann and White","567","No","2024-04-12"
"242","Mona Abernathy","Deleted","Skiles, Roob and Rodriguez","72","No","2023-07-14"
"243","Bridgette Murphy III","Active","Oberbrunner, Rosenbaum and Dickinson","2087","No","2023-07-20"
"244","Meta Crist","Deleted","Hirthe-Hyatt","61","No","2017-05-19"
"245","Wanda Jacobi","Active","Daniel-Blanda","2108","No","2020-04-12"
"246","Mrs. Kira Ebert","Inactive","Oberbrunner, Rosenbaum and Dickinson","1383","No","2020-08-23"
"247","Mikayla Batz","Pending","Blick and Sons","1659","No","2024-06-04"
"248","Carli Kub","Pending","Hermann, White and Watsica","1960","No","2019-08-04"
"249","Nathanial Hammes III","Deleted","Tillman-Lesch","689","No","2024-01-02"
"250","Linda Harber II","Pending","D'Amore, Wunsch and Homenick","735","No","2021-04-26"
"251","Chet Schinner","Active","Osinski, Koepp and Stark","2038","No","2015-04-18"
"252","Cyril Rice II","Inactive","Daugherty Inc","1261","Yes","2024-08-10"
"253","Miss Yesenia Mraz","Active","Bashirian, Swaniawski and Hand","2468","No","2021-04-20"
"254","Nathen Hauck","Pending","Langworth, Bruen and Kuvalis","902","No","2016-02-22"
"255","Prof. Mariano Langosh","Pending","Tillman-Lesch","393","No","2018-11-03"
"256","Ms. Alycia Metz","Active","Skiles, Roob and Rodriguez","1872","No","2016-02-09"
"257","Lorine Boehm","Pending","Blick and Sons","350","No","2018-01-13"
"258","Dr. Alessia Hermann PhD","Deleted","Abernathy-Oberbrunner","1003","No","2021-12-28"
"259","Garnet Goldner","Deleted","Hand LLC","1159","No",""
"260","Spencer Harris","Inactive","Schumm LLC","550","No",""
"261","Princess Hoppe","Pending","Beahan-Kautzer","1194","No","2020-06-15"
"262","Penelope Mueller V","Inactive","Hirthe-Hyatt","1997","No","2017-02-14"
"263","Graham Monahan","Deleted","Gusikowski Ltd","2300","No","2021-05-02"
"264","Icie Ward","Pending","Schumm LLC","1799","No","2022-07-29"
"265","Mrs. Emelie Olson","Blocked","Gusikowski Ltd","1135","No","2018-09-19"
"266","Era Murray IV","Inactive","Morar and Sons","1035","No","2015-08-06"
"267","Dr. Henri Crona","Blocked","Gusikowski Ltd","2202","Yes","2017-06-11"
"268","Charley Watsica","Active","Bernhard, Kemmer and Cummerata","2438","No",""
"269","Dr. Chanel Johnson PhD","Active","Beahan-Kautzer","782","No","2017-11-22"
"270","Mr. Hal Kshlerin MD","Active","Wolff, Runolfsson and Roob","483","No","2022-03-07"
"271","Patrick Dare","Inactive","Wolff, Runolfsson and Roob","882","No","2019-11-05"
"272","Raymond Hodkiewicz","Blocked","Daniel-Blanda","2068","No",""
"273","Miss Elenor Morar","Deleted","Morar and Sons","805","No","2015-11-03"
"274","Sylvester Keebler","Blocked","Hand LLC","1894","No","2016-05-02"
"275","Mr. Chelsey Champlin","Active","D'Amore, Wunsch and Homenick","1095","No","2015-11-14"
"276","Luisa Barton","Blocked","Morar and Sons","647","No","2020-07-08"
"277","Mike Witting PhD","Deleted","Hirthe-Hyatt","1347","No",""
"278","Mr. Myrl O'Hara","Active","Predovic PLC","1902","No","2017-08-13"
"279","Jackeline Schneider","Pending","Osinski, Koepp and Stark","1894","No","2018-07-16"
"280","Frederic Hand","Active","Flatley and Sons","560","No","2020-08-04"
"281","Merle Heidenreich","Inactive","Fisher, Fay and Cartwright","1198","No","2017-08-18"
"282","Dr. Marco Leannon III","Blocked","Flatley and Sons","339","No","2015-09-13"
"283","Trycia Parker I","Deleted","Hettinger, Weimann and White","1208","No",""
"284","Dr. Adonis Goodwin","Active","Flatley and Sons","255","No",""
"285","Gloria Hahn","Deleted","Lehner Inc","735","No",""
"286","Earlene Goyette","Blocked","Flatley and Sons","993","No","2015-12-29"
"287","Miss Alanna D'Amore DDS","Active","Blick and Sons","610","No","2016-01-22"
"288","Terrence Lang","Active","Daniel-Blanda","250","No","2021-10-28"
"289","Daphney Gutmann Jr.","Active","Osinski, Koepp and Stark","625","No","2018-04-15"
"290","Mr. Cordelia Ryan","Pending","Gusikowski Ltd","35","No","2024-01-15"
"291","Sandra Lubowitz II","Inactive","Flatley and Sons","1972","Yes","2017-04-01"
"292","Lamont Rogahn","Deleted","Hirthe-Hyatt","381","No","2017-08-08"
"293","Dixie Doyle","Deleted","Bogan Ltd","2003","No",""
"294","Keanu Wuckert","Pending","Fisher, Fay and Cartwright","696","No","2021-09-25"
"295","Valerie Glover","Inactive","Fisher, Fay and Cartwright","2088","No","2017-07-20"
"296","Miss Magnolia Spencer","Pending","Gusikowski Ltd","2127","No","2021-11-06"
"297","Kenton Dickens","Blocked","Beahan-Kautzer","1258","No","2024-06-15"
"298","Miss Winnifred Heathcote DDS","Active","Bashirian, Swaniawski and Hand","1392","No","2022-08-13"
"299","Nellie Durgan V","Blocked","Gusikowski Ltd","664","Yes","2022-04-18"
"300","Rhett Hills","Deleted","Botsford-Green","777","No","2019-06-05"
"301","Shaylee Brown Jr.","Active","Green-Koelpin","472","No","2018-11-13"
"302","Joy Rippin PhD","Pending","Botsford-Green","2379","No","2017-12-06"
"303","Clarabelle Flatley","Active","Langworth, Bruen and Kuvalis","1611","No","2019-07-01"
"304","Emma Lowe","Active","Fisher, Fay and Cartwright","2441","No","2019-11-15"
"305","Lois Stoltenberg","Deleted","Hirthe-Hyatt","1551","No",""
"306","Prof. Raphaelle Hintz DDS","Inactive","Langworth, Bruen and Kuvalis","1391","No","2020-01-31"
"307","Mrs. Jammie Rosenbaum IV","Inactive","Daugherty Inc","818","No",""
"308","Frederic Swift","Inactive","Hirthe-Hyatt","2256","No",""
"309","Danial Hauck","Pending","Lehner Inc","1085","No","2015-09-05"
"310","Sheila Kiehn","Active","Hirthe-Hyatt","1813","No",""
"311","Steve Nikolaus","Deleted","Morar and Sons","1200","No","2016-08-19"
"312","Mr. Jamey Spinka Sr.","Active","Daniel-Blanda","2092","No","2018-10-17"
"313","Nico King","Blocked","Fisher, Fay and Cartwright","865","No","2021-12-27"
"314","Jarrod Mueller","Pending","Fisher, Fay and Cartwright","709","No","2015-08-30"
"315","Amira Treutel","Active","Predovic PLC","502","No","2020-10-02"
"316","Mrs. Katharina Kozey MD","Deleted","Green-Koelpin","1864","No",""
"317","Holly Johnston","Active","Beahan-Kautzer","1487","No",""
"318","Prof. Virgil Mosciski","Pending","Hermann, White and Watsica","309","No","2019-03-18"
"319","Shanon Corwin","Inactive","Oberbrunner, Rosenbaum and Dickinson","2120","No","2016-08-21"
"320","Madelyn Hansen","Pending","Tillman-Lesch","593","No","2019-10-21"
"321","Mrs. Kaia Altenwerth","Deleted","Green-Koelpin","1524","No","2020-11-28"
"322","Miss Yasmine Roob","Blocked","Hettinger, Weimann and White","170","No","2021-11-09"
"323","Sid Emard","Active","Hettinger, Weimann and White","453","No","2016-05-20"
"324","Salvador D'Amore V","Inactive","Gusikowski Ltd","590","No","2022-10-17"
"325","Prof. Sonia Kreiger IV","Active","Oberbrunner, Rosenbaum and Dickinson","830","No","2015-08-22"
"326","Isidro Mills","Inactive","Wolff, Runolfsson and Roob","2322","Yes","2023-09-15"
"327","Rozella Tillman","Active","Abernathy-Oberbrunner","720","No","2018-11-15"
"328","Yadira Rath","Active","Daugherty Inc","2090","No","2023-02-10"
"329","Terrence Bode","Blocked","Hirthe-Hyatt","2408","No","2019-11-30"
"330","Verna Dickinson","Active","Bashirian, Swaniawski and Hand","1868","No","2022-03-15"
"331","Prof. Gilbert Zulauf","Blocked","Predovic PLC","1152","No",""
"332","Darrion Smitham","Inactive","Daugherty Inc","1111","No",""
"333","Prof. Barry Koch V","Inactive","Bogan Ltd","526","No","2019-07-28"
"334","Mrs. Rosalinda Rosenbaum Jr.","Active","Flatley and Sons","2325","No","2016-07-05"
"335","Tom Berge","Pending","Daugherty Inc","2271","No",""
"336","Bertrand Goyette Jr.","Deleted","Daugherty Inc","425","No","2017-01-18"
"337","Jeanette Schamberger","Deleted","Gusikowski Ltd","495","No","2015-05-16"
"338","Aron Rath","Pending","Lehner Inc","2421","No",""
"339","Pat Mertz","Inactive","Daugherty Inc","1527","No","2018-11-13"
"340","Mr. Fritz Parisian","Deleted","Tillman-Lesch","422","No","2017-08-05"
"341","Ms. Elyssa Kling IV","Active","Tillman-Lesch","65","No","2015-08-13"
"342","Reyna Gislason","Active","Langworth, Bruen and Kuvalis","1547","No","2016-10-30"
"343","Prof. Rory Welch Sr.","Pending","Lehner Inc","2048","No","2021-09-28"
"344","Dr. Ashtyn Eichmann","Active","Fisher, Fay and Cartwright","1611","No","2016-01-07"
"345","Madonna Brakus","Pending","Gusikowski Ltd","258","No","2018-01-03"
"346","Carmen Fahey II","Pending","Gusikowski Ltd","1861","No","2021-08-29"
"347","Maya Rolfson","Blocked","Morar and Sons","893","No","2017-12-17"
"348","Ms. Heather Strosin MD","Inactive","Wolff, Runolfsson and Roob","2216","No",""
"349","Emory Langworth","Active","Skiles, Roob and Rodriguez","2232","No","2020-05-25"
"350","Major Wisoky","Inactive","Predovic PLC","1447","No",""
"351","Teagan McKenzie I","Active","Predovic PLC","1546","No","2022-08-03"
"352","America Rice","Deleted","Tillman-Lesch","1006","No","2017-10-22"
"353","Leonardo Watsica","Deleted","Abernathy-Oberbrunner","533","No","2016-06-11"
"354","Prof. Valentin Hand Jr.","Active","Daugherty Inc","287","No","2021-08-17"
"355","Dr. Keaton Cormier III","Pending","Hand LLC","1967","No",""
"356","Crawford Stanton","Inactive","Wolff, Runolfsson and Roob","2377","No",""
"357","Prof. Jerod Mayert V","Active","Bernhard, Kemmer and Cummerata","2092","No","2024-07-03"
"358","Dr. Samantha Steuber","Blocked","Wolff, Runolfsson and Roob","791","No","2023-05-12"
"359","Dr. Violette Auer MD","Active","Gusikowski Ltd","710","No","2024-05-14"
"360","Eleonore Schowalter","Deleted","Wolff, Runolfsson and Roob","761","No","2019-10-17"
"361","Gunnar Murray","Deleted","Predovic PLC","2026","No","2018-06-05"
"362","Osborne Conroy","Deleted","Hermann, White and Watsica","725","Yes","2020-07-10"
"363","Kenyatta Ebert","Pending","Hettinger, Weimann and White","1540","No",""
"364","Mrs. Hosea Berge","Pending","Schumm LLC","1270","No","2016-01-31"
"365","Braxton Reichert","Deleted","D'Amore, Wunsch and Homenick","1255","No","2019-12-05"
"366","Prof. Rosa Brekke DVM","Blocked","Bashirian, Swaniawski and Hand","1830","No",""
"367","Hunter Fay","Deleted","D'Amore, Wunsch and Homenick","1103","No","2015-11-27"
"368","Gwendolyn Maggio","Deleted","Tillman-Lesch","2453","No","2022-02-24"
"369","Cortney Johnston","Blocked","Flatley and Sons","721","No","2024-05-06"
"370","Wilburn Reilly","Pending","Osinski, Koepp and Stark","2061","Yes","2015-11-17"
"371","Joana Davis","Blocked","Gusikowski Ltd","182","No","2020-10-11"
"372","Prof. Adella Nienow","Blocked","Langworth, Bruen and Kuvalis","216","No","2020-03-17"
"373","Rogelio Sipes","Blocked","Osinski, Koepp and Stark","1443","No",""
"374","Mrs. Bridget Daugherty DVM","Blocked","Bogan Ltd","1066","Yes","2024-08-25"
"375","Prof. Lurline Reilly","Deleted","Gusikowski Ltd","941","No","2018-12-22"
"376","Theo Steuber","Active","Flatley and Sons","697","No",""
"377","Suzanne Lockman","Inactive","Langworth, Bruen and Kuvalis","2178","No","2023-10-03"
"378","Hailie Christiansen","Deleted","Morar and Sons","2240","No","2021-09-17"
"379","Prof. Maddison Jerde Jr.","Blocked","Hettinger, Weimann and White","1630","Yes",""
"380","Rory Weissnat","Pending","Blick and Sons","2129","No","2015-03-15"
"381","Dr. Rodger Anderson Sr.","Inactive","Hand LLC","2257","No","2024-05-23"
"382","Alvis Berge","Active","Gusikowski Ltd","1689","No","2020-05-15"
"383","Miss Mya Konopelski","Blocked","Schumm LLC","2398","No","2017-02-28"
"384","Alexa Rolfson","Deleted","Fisher, Fay and Cartwright","1770","No","2015-09-18"
"385","Abbey Wisozk Sr.","Blocked","Lehner Inc","1671","Yes","2024-12-05"
"386","Mr. Eli Dietrich MD","Blocked","Hermann, White and Watsica","358","No","2016-03-12"
"387","Webster Fahey","Inactive","Beahan-Kautzer","942","No","2015-05-13"
"388","Norbert Braun","Blocked","Bogan Ltd","1751","No","2017-09-27"
"389","Laury Robel","Deleted","Botsford-Green","2160","No",""
"390","Addie Walter","Inactive","D'Amore, Wunsch and Homenick","614","No","2023-08-08"
"391","Zoey VonRueden DVM","Pending","Bernhard, Kemmer and Cummerata","1460","No","2015-11-12"
"392","Annalise Wintheiser","Pending","Predovic PLC","2021","No","2015-07-23"
"393","Grover Mills","Deleted","Osinski, Koepp and Stark","1900","No",""
"394","Robbie Stamm IV","Blocked","Flatley and Sons","268","No","2022-11-17"
"395","Mr. Brett Gerlach","Deleted","Osinski, Koepp and Stark","1462","No","2018-02-12"
"396","Ms. Lysanne Stroman","Inactive","Lehner Inc","936","No","2017-11-17"
"397","Mozelle Herzog","Inactive","Abernathy-Oberbrunner","765","No","2015-09-10"
"398","Vinnie Fahey","Pending","Flatley and Sons","794","Yes","2019-01-09"
"399","Prof. Khalid Pagac Jr.","Blocked","Hermann, White and Watsica","888","No","2016-03-02"
"400","Daron Fahey","Inactive","Green-Koelpin","2225","No","2024-11-28"
"401","Eleonore Reichel I","Blocked","Green-Koelpin","143","No","2024-05-20"
"402","Reyes Gutkowski","Active","D'Amore, Wunsch and Homenick","1374","No","2023-04-03"
"403","Flo Aufderhar","Pending","Hirthe-Hyatt","584","No","2024-08-01"
"404","Prof. Chester Considine II","Active","Daniel-Blanda","1775","No","2022-01-20"
"405","Rosalinda Sauer","Active","Beahan-Kautzer","555","Yes","2024-11-23"
"406","Vernice Witting","Active","Hettinger, Weimann and White","271","No","2019-08-01"
"407","Alberta Collins","Deleted","Morar and Sons","2112","No","2023-09-10"
"408","Hillard Miller","Active","Gusikowski Ltd","1583","No","2017-07-16"
"409","Golden Ortiz MD","Blocked","Daniel-Blanda","578","No","2020-01-17"
"410","Rashawn Gutmann","Inactive","Gusikowski Ltd","1248","No","2018-09-06"
"411","Miss Melody Schaden IV","Blocked","Tillman-Lesch","2109","No",""
"412","Prof. Rodrick Balistreri","Active","Gusikowski Ltd","52","No","2024-07-12"
"413","Oma Upton","Blocked","Green-Koelpin","2375","Yes","2017-05-16"
"414","Miss Meta Nienow","Inactive","Blick and Sons","2449","No","2023-09-21"
"415","Marjory Zulauf","Active","Fisher, Fay and Cartwright","1147","No","2024-01-13"
"416","Ruthie Pfeffer","Blocked","Osinski, Koepp and Stark","298","No",""
"417","Miss Courtney Purdy V","Blocked","Bashirian, Swaniawski and Hand","2015","No","2017-03-20"
"418","Braden Schmitt","Pending","Botsford-Green","1622","No","2022-02-18"
"419","Triston Denesik","Blocked","Bernhard, Kemmer and Cummerata","148","No","2023-04-23"
"420","Lennie Purdy","Pending","Blick and Sons","1648","No","2019-06-29"
"421","Adalberto Padberg","Blocked","D'Amore, Wunsch and Homenick","2047","No","2018-02-09"
"422","Dr. Lazaro Thompson IV","Deleted","Abernathy-Oberbrunner","272","No","2015-05-01"
"423","Mavis Reynolds","Deleted","Langworth, Bruen and Kuvalis","716","No","2020-09-04"
"424","Prof. Alek Bartell II","Pending","Daniel-Blanda","2101","No","2023-06-01"
"425","Prof. Ryley Kiehn DDS","Deleted","Hermann, White and Watsica","368","No","2017-10-21"
"426","Abner Heller","Blocked","D'Amore, Wunsch and Homenick","233","No","2020-07-20"
"427","Dr. Elton Baumbach","Inactive","Langworth, Bruen and Kuvalis","1495","No",""
"428","Maudie Cummerata","Inactive","Wolff, Runolfsson and Roob","657","No",""
"429","Mack Bartoletti","Blocked","Blick and Sons","702","No","2017-02-23"
"430","Karianne Macejkovic","Active","Fisher, Fay and Cartwright","1454","No","2016-11-16"
"431","Aletha Greenfelder","Blocked","Green-Koelpin","1235","No","2021-11-27"
"432","Mona Mosciski V","Deleted","Skiles, Roob and Rodriguez","42","No","2015-06-08"
"433","Maria Carroll","Pending","Skiles, Roob and Rodriguez","987","No","2017-04-04"
"434","Dereck Mills Jr.","Inactive","D'Amore, Wunsch and Homenick","2214","No","2016-10-01"
"435","Roxane Sawayn V","Active","Hettinger, Weimann and White","917","No","2021-06-26"
"436","Prof. Maureen Fritsch III","Inactive","Langworth, Bruen and Kuvalis","695","Yes","2024-04-05"
"437","Carmela Aufderhar","Active","Predovic PLC","959","No","2023-04-07"
"438","Aliya Carroll","Blocked","Lehner Inc","571","No","2019-11-02"
"439","Darren Schmeler IV","Pending","Beahan-Kautzer","1943","No","2017-10-04"
"440","Joan Feest","Active","Green-Koelpin","1240","No","2019-01-15"
"441","Mossie Lind","Active","Oberbrunner, Rosenbaum and Dickinson","1598","No","2021-08-06"
"442","Ms. Rhoda O'Hara","Deleted","Bashirian, Swaniawski and Hand","1580","No","2024-05-23"
"443","Dr. Henriette Sporer MD","Blocked","Skiles, Roob and Rodriguez","832","No",""
"444","Marty O'Connell Sr.","Inactive","Schumm LLC","1138","No","2019-04-02"
"445","Demario Stiedemann","Blocked","Flatley and Sons","324","No","2021-09-24"
"446","Mr. Michel Ruecker","Inactive","Hirthe-Hyatt","260","No","2016-06-01"
"447","Mrs. Erna Hintz","Inactive","Osinski, Koepp and Stark","626","No","2019-10-06"
"448","Nestor Berge I","Active","Botsford-Green","901","Yes","2016-09-03"
"449","Stacy Keeling IV","Inactive","Abernathy-Oberbrunner","254","Yes","2020-12-23"
"450","Alec Bogan","Deleted","Daugherty Inc","181","Yes","2022-07-16"
"451","Ms. Malika Durgan Jr.","Pending","Predovic PLC","1065","No",""
"452","Brett Graham IV","Inactive","Crist-Welch","2271","No",""
"453","Judge Weimann","Deleted","Skiles, Roob and Rodriguez","197","No",""
"454","Miss Talia Weber DDS","Active","Morar and Sons","724","No","2024-11-30"
"455","Aylin Rempel","Inactive","Flatley and Sons","2257","Yes",""
"456","Ida Padberg","Active","Gusikowski Ltd","1098","No","2020-05-06"
"457","Mafalda Bartell DDS","Blocked","Hermann, White and Watsica","2475","No","2017-08-15"
"458","Dr. Raina Littel","Blocked","Bogan Ltd","259","No",""
"459","Amiya Fahey","Inactive","D'Amore, Wunsch and Homenick","1566","No","2019-03-19"
"460","Evangeline Skiles","Pending","Skiles, Roob and Rodriguez","747","No","2022-07-14"
"461","Hettie Bruen","Pending","Botsford-Green","2166","No","2016-05-14"
"462","Mathilde Johns","Pending","Fisher, Fay and Cartwright","1352","No","2024-06-22"
"463","Juliet Torphy","Blocked","Gusikowski Ltd","743","No","2022-06-22"
"464","Bria Doyle","Active","Hettinger, Weimann and White","1103","No","2020-10-15"
"465","Peyton Strosin Jr.","Blocked","Botsford-Green","1945","No","2021-03-19"
"466","Dr. Steve Murray MD","Blocked","Bashirian, Swaniawski and Hand","643","Yes","2024-04-28"
"467","Nick Torphy","Pending","Hermann, White and Watsica","2476","No","2018-11-10"
"468","Stefan Rutherford","Inactive","Bernhard, Kemmer and Cummerata","1647","No","2020-06-19"
"469","Luisa Breitenberg","Pending","Bogan Ltd","1392","Yes","2020-01-30"
"470","Dr. Sherman Borer","Deleted","Skiles, Roob and Rodriguez","254","No","2016-06-04"
"471","Dr. Kaleigh Waelchi","Pending","D'Amore, Wunsch and Homenick","1667","No","2018-10-15"
"472","Laisha Nicolas","Active","Daniel-Blanda","397","No","2016-11-05"
"473","Dr. Tracey Turner PhD","Deleted","Gusikowski Ltd","978","No","2017-09-15"
"474","Ned Kuphal","Deleted","Tillman-Lesch","906","No","2024-03-02"
"475","Cleo Hyatt","Pending","Lehner Inc","1103","No","2016-09-15"
"476","Haleigh Smitham","Active","Morar and Sons","333","No","2022-08-12"
"477","Miss Noemi Bergnaum","Pending","Oberbrunner, Rosenbaum and Dickinson","2419","No","2017-12-12"
"478","Theresa Satterfield","Active","Predovic PLC","2264","No",""
"479","Dr. Katelin Leannon","Inactive","Bernhard, Kemmer and Cummerata","1009","No","2023-05-01"
"480","Tania Upton","Deleted","Bernhard, Kemmer and Cummerata","389","No","2023-07-16"
"481","Kane Maggio","Active","D'Amore, Wunsch and Homenick","740","No","2024-07-25"
"482","Jayce McGlynn","Pending","Fisher, Fay and Cartwright","345","No","2015-10-02"
"483","Willie D'Amore","Deleted","Langworth, Bruen and Kuvalis","2098","No","2017-12-30"
"484","Miss Lysanne Turcotte","Pending","Schumm LLC","725","No","2023-08-22"
"485","Mercedes Hane","Inactive","Hermann, White and Watsica","2373","No",""
"486","Christa Block","Pending","Flatley and Sons","1090","No","2023-10-26"
"487","Nikolas Jacobs","Active","Botsford-Green","1802","No","2018-10-18"
"488","Angelina White PhD","Inactive","Wolff, Runolfsson and Roob","1667","Yes","2019-04-12"
"489","Juwan Thiel","Deleted","D'Amore, Wunsch and Homenick","8","No","2019-03-29"
"490","Mrs. Lisa Johnston DDS","Pending","Skiles, Roob and Rodriguez","1116","No","2023-06-26"
"491","Kailey Thiel","Deleted","Tillman-Lesch","313","No",""
"492","Prof. Cristobal Tromp","Deleted","Morar and Sons","2382","No",""
"493","Prof. Rachelle Treutel","Pending","Flatley and Sons","1801","No","2020-08-23"
"494","Dr. Jovani Bailey IV","Blocked","Daniel-Blanda","1297","Yes","2021-02-15"
"495","Delmer DuBuque","Inactive","Flatley and Sons","1438","Yes","2015-09-29"
"496","Heidi Fay","Inactive","Tillman-Lesch","254","No","2020-09-08"
"497","Prof. Harry Nicolas III","Pending","Lehner Inc","1553","Yes","2022-04-06"
"498","Dr. Cydney Mayert","Pending","Bogan Ltd","54","No","2015-03-16"
"499","Prof. Tate Kautzer I","Inactive","Fisher, Fay and Cartwright","1978","No","2015-07-09"
"500","Cordia Hyatt","Blocked","Tillman-Lesch","902","Yes","2015-09-06"
